Name,Sequence,No Sequence
GATNet+PLIG+4A,,1.3218178735657626
GATNet+PLIG+5A,,1.2087573471664728
GATNet+PLIG+6A,,1.2154429337541326
GATNet+PLIG+7A,,1.2876452952571955
GATNet+PLIG+8A,,1.3323107391977191
