Name,Sequence,No Sequence
GATNet+PLIG+4A,,0.8112653477172208
GATNet+PLIG+5A,,0.8358681026621371
GATNet+PLIG+6A,,0.8354939290661183
GATNet+PLIG+7A,,0.8107126042837678
GATNet+PLIG+8A,,0.7994599214441636
