Name,Sequence,No Sequence
GATNet+PLIG+4A,,1.4633381097551255
GATNet+PLIG+5A,,1.4430643690377263
GATNet+PLIG+6A,,1.4300495053186242
GATNet+PLIG+7A,,1.38702446143739
GATNet+PLIG+8A,,1.4349678816187648
