Name,Sequence,No Sequence
GATNet+PLIG+4A,,0.7574379190676388
GATNet+PLIG+5A,,0.7572399254728188
GATNet+PLIG+6A,,0.766129976092974
GATNet+PLIG+7A,,0.7733263950905758
GATNet+PLIG+8A,,0.7610722857035519
