Name,Sequence,No Sequence
GATNet+PLIG,0.805083011210836,0.8354939290661183
GAT+GCN+PLIG,0.7751252138689131,0.8221841818786644
GCNNet+PLIG,0.7616595400255376,0.8037491081002138
GINConvNet+PLIG,0.7803192447356276,0.7984283876168436
SGCNet+PLIG,0.7401559917495193,0.7897929286314043
SageNet+PLIG,0.7742111969740609,0.8031799003815983
MLPNet+ECIF,0.8388954137705069,0.8334390689045702
