Name,Sequence,No Sequence
GAT+GCN+PLIG,1.3858918195059526,1.2442058021173519
GATNet+PLIG,1.316300084329297,1.2154429337541326
GCNNet+PLIG,1.4174887521468884,1.3874132247229005
GINConvNet+PLIG,1.3700796870941196,1.4482164191691695
MLPNet+ECIF,1.1882927736625302,1.303489417362325
SGCNet+PLIG,1.4988474602920627,1.4611071942107385
SageNet+PLIG,1.3770331966611609,1.4369836288458648
