Name,Sequence,No Sequence
GAT+GCN+PLIG,1.5103479011227767,1.3874320024138753
GATNet+PLIG,1.427801706081049,1.4300495053186242
GCNNet+PLIG,1.5258700246754786,1.5128069916562057
GINConvNet+PLIG,1.493561046508077,1.5259389670604135
MLPNet+ECIF,1.297457238337135,1.4282410958026284
SGCNet+PLIG,1.5633506171741627,1.6414368129092396
SageNet+PLIG,1.4659838376359011,1.5294225488366062
