Name,Sequence,No Sequence
GATNet+PLIG,0.7571580848272781,0.766129976092974
GAT+GCN+PLIG,0.7176556657445464,0.7737349710022818
GCNNet+PLIG,0.7132099157640925,0.7440193318461125
GINConvNet+PLIG,0.7248242440848387,0.7458296689575283
SGCNet+PLIG,0.709249549828197,0.7288470260630591
SageNet+PLIG,0.7413861497094203,0.7623415554511218
MLPNet+ECIF,0.8175910740631871,0.798666160836897
